INSERT INTO "YULIA"."USER_TYPE" (TYPE_NAME) VALUES ('admin');
INSERT INTO "YULIA"."USER_TYPE" (TYPE_NAME) VALUES ('user');
INSERT INTO "YULIA"."USER_TYPE" (TYPE_NAME) VALUES ('courier');

INSERT INTO "YULIA"."User" (TYPE_NAME, USER_LOGIN, USER_NAME, USER_EMAIL, USER_PASSWORD, USER_PHONE) VALUES ('user', 'login_yulia', 'Yulia', 'yulia@example.com', '111111', '380987522810');
INSERT INTO "YULIA"."User" (TYPE_NAME, USER_LOGIN, USER_NAME, USER_EMAIL, USER_PASSWORD, USER_PHONE) VALUES ('admin', 'login_masha', 'Masha', 'masha@example.com', '222222', '380987897456');
INSERT INTO "YULIA"."User" (TYPE_NAME, USER_LOGIN, USER_NAME, USER_EMAIL, USER_PASSWORD, USER_PHONE) VALUES ('user', 'login_anya', 'Anya', 'anya@example.com', '333333', '380987522896');

INSERT INTO "YULIA"."FLOWER" (FLOWER_NAME, FLOWER_PRICE, FLOWER_STATUS, FLOWER_QUONTITY, FLOWER_COMMENT) VALUES ('Rose', 40, 'Available', 120, 'Nice nice');
INSERT INTO "YULIA"."FLOWER" (FLOWER_NAME, FLOWER_PRICE, FLOWER_STATUS, FLOWER_QUONTITY, FLOWER_COMMENT) VALUES ('Daizy', 20.25, 'Available', 77, 'Nice nice');
INSERT INTO "YULIA"."FLOWER" (FLOWER_NAME, FLOWER_PRICE, FLOWER_STATUS, FLOWER_QUONTITY, FLOWER_COMMENT) VALUES ('Gazania', 57, 'Available', 80, 'Nice nice');

INSERT INTO "YULIA"."Order" (ORDER_ID, TYPE_NAME, USER_LOGIN, ORDER_DATE, ORDER_STATUS) VALUES (1, 'admin', 'login_masha', TO_DATE('2017-11-13 20:22:09', 'YYYY-MM-DD HH24:MI:SS'), 'Open');
INSERT INTO "YULIA"."Order" (ORDER_ID, TYPE_NAME, USER_LOGIN, ORDER_DATE, ORDER_STATUS) VALUES (2, 'user', 'login_yulia', TO_DATE('2017-11-14 21:22:09', 'YYYY-MM-DD HH24:MI:SS'), 'Open');
INSERT INTO "YULIA"."Order" (ORDER_ID, TYPE_NAME, USER_LOGIN, ORDER_DATE, ORDER_STATUS) VALUES (3, 'user', 'login_anya', TO_DATE('2017-11-15 22:22:09', 'YYYY-MM-DD HH24:MI:SS'), 'Open');

INSERT INTO "YULIA"."DELIVERY" (ORDER_ID, CITY, STREET, HOUSE, FLAT, DEL_PRICE) VALUES (1, 'Kyiv', 'Street1', '3', '56', 20);
INSERT INTO "YULIA"."DELIVERY" (ORDER_ID, CITY, STREET, HOUSE, FLAT, DEL_PRICE) VALUES (2, 'Kyiv', 'Street2', '5', '45', 20);
INSERT INTO "YULIA"."DELIVERY" (ORDER_ID, CITY, STREET, HOUSE, FLAT, DEL_PRICE) VALUES (3, 'Kyiv', 'Street3', '6', '34', 20);

INSERT INTO "YULIA"."ORDER_ITEM" (ORDER_ID, FLOWER_NAME) VALUES (1, 'Daizy');
INSERT INTO "YULIA"."ORDER_ITEM" (ORDER_ID, FLOWER_NAME) VALUES (2, 'Rose');
INSERT INTO "YULIA"."ORDER_ITEM" (ORDER_ID, FLOWER_NAME) VALUES (3, 'Rose');