--INSERT LINES OF POOLS
INSERT INTO POOL (LINE_NUMBER, LINE_LENGTH, POOL_NAME) VALUES (1, 25, 'Half');
INSERT INTO POOL (LINE_NUMBER, LINE_LENGTH, POOL_NAME) VALUES (2, 25, 'Half');
INSERT INTO POOL (LINE_NUMBER, LINE_LENGTH, POOL_NAME) VALUES (3, 25, 'Half');
INSERT INTO POOL (LINE_NUMBER, LINE_LENGTH, POOL_NAME) VALUES (4, 25, 'Half');
COMMIT;
--INSERT ROLE
INSERT INTO ROLE (ROLE_NAME, ROLE_DESCRIPTION) VALUES ('Admin', 'He is occupied by the Administration of the sports complex. Has the right to add new Administrators, Coaches and Clients to the system');
INSERT INTO ROLE (ROLE_NAME, ROLE_DESCRIPTION) VALUES ('Coach', 'He is practiced by training customers. Has the right to collect a team of customers.');
INSERT INTO ROLE (ROLE_NAME, ROLE_DESCRIPTION) VALUES ('Client', 'He trains in the sports complex. Has the right to apply for membership, pay the subscription according to the tariff plan.');
INSERT INTO ROLE (ROLE_NAME, ROLE_DESCRIPTION) VALUES ('Guest', 'He examines the sports complex thinking about buying a subscription.');
COMMIT;
--INSERT TARIF
INSERT INTO TARIFF (TARIFF_NAME, TARIFF_PRICE, TARIFF_SUBSCRIPTION_TIME, TARIFF_DESCRIPTION) VALUES ('Basic', 500, 'Month', 'Опис базового тарифу');
INSERT INTO TARIFF (TARIFF_NAME, TARIFF_PRICE, TARIFF_SUBSCRIPTION_TIME, TARIFF_DESCRIPTION) VALUES ('Medium', 700, 'Month', 'Опис середнього тарифу');
INSERT INTO TARIFF (TARIFF_NAME, TARIFF_PRICE, TARIFF_SUBSCRIPTION_TIME, TARIFF_DESCRIPTION) VALUES ('Hard', 900, 'Month', 'Опис важкого тарифу');
INSERT INTO TARIFF (TARIFF_NAME, TARIFF_PRICE, TARIFF_SUBSCRIPTION_TIME, TARIFF_DESCRIPTION) VALUES ('Very hard', 1100, 'Month', 'Опис надважкого тарифу');
COMMIT;
--INSERT USER
INSERT INTO "User" (EMAIL, ROLE_NAME_FK, FIRST_NAME, SECOND_NAME, LAST_NAME, BIRTHDAY, REG_DAY, USER_ADDRESS, PHONE_NUMBER, MED_DOC, PASSWORD) VALUES ('batman@example.com', 'Admin', 'Володимир', 'Іванович', 'Мельник', TO_DATE('1990-04-01 10:46:01', 'YYYY-MM-DD HH24:MI:SS'), TO_DATE('2017-10-01 10:47:01', 'YYYY-MM-DD HH24:MI:SS'), 'м. Київ, пров. Ковальський, 5, к. 201', '380000000001', 'media/med_doc/empty', '0000qwerty');
INSERT INTO "User" (EMAIL, ROLE_NAME_FK, FIRST_NAME, SECOND_NAME, LAST_NAME, BIRTHDAY, REG_DAY, USER_ADDRESS, PHONE_NUMBER, MED_DOC, SPORT_RANK, PASSWORD) VALUES ('superman@example.com', 'Coach', 'Микола', 'Іванович', 'Шевченко', TO_DATE('1990-05-01 10:46:01', 'YYYY-MM-DD HH24:MI:SS'), TO_DATE('2017-10-01 10:48:01', 'YYYY-MM-DD HH24:MI:SS'), 'м. Київ, пров. Ковальський, 5, к. 202', '380000000002', 'media/med_doc/empty', 'Master', '0000qwerty1');
INSERT INTO "User" (EMAIL, ROLE_NAME_FK, FIRST_NAME, SECOND_NAME, LAST_NAME, BIRTHDAY, REG_DAY, USER_ADDRESS, PHONE_NUMBER, MED_DOC, PASSWORD) VALUES ('drstrange@example.com', 'Client', 'Іван', 'Русланович', 'Ткаченко', TO_DATE('1990-06-01 10:46:01', 'YYYY-MM-DD HH24:MI:SS'), TO_DATE('2017-10-01 10:49:01', 'YYYY-MM-DD HH24:MI:SS'), 'м. Київ, пров. Ковальський, 5, к. 203', '380000000003', 'media/med_doc/empty', '0000qwerty2');
INSERT INTO "User" (EMAIL, ROLE_NAME_FK, FIRST_NAME, SECOND_NAME, LAST_NAME, BIRTHDAY, REG_DAY, USER_ADDRESS, PHONE_NUMBER, MED_DOC, PASSWORD) VALUES ('drwho@example.com', 'Guest', 'Олександр', 'Миколайович', 'Коваленко', TO_DATE('1990-07-01 10:46:01', 'YYYY-MM-DD HH24:MI:SS'), TO_DATE('2017-10-01 10:50:01', 'YYYY-MM-DD HH24:MI:SS'), 'м. Київ, пров. Ковальський, 5, к. 204', '380000000004', 'media/med_doc/empty', '0000qwerty3');
INSERT INTO "User" (EMAIL, ROLE_NAME_FK, FIRST_NAME, SECOND_NAME, LAST_NAME, BIRTHDAY, REG_DAY, USER_ADDRESS, PHONE_NUMBER, MED_DOC, SPORT_RANK, PASSWORD) VALUES ('flash@example.com', 'Coach', 'Тарас', 'Іванович', 'Олійник', TO_DATE('1990-10-01 10:46:01', 'YYYY-MM-DD HH24:MI:SS'), TO_DATE('2017-10-01 10:51:01', 'YYYY-MM-DD HH24:MI:SS'), 'м. Київ, пров. Ковальський, 5, к. 205', '380000000005', 'media/med_doc/empty', 'Master', '0000qwerty4');
INSERT INTO "User" (EMAIL, ROLE_NAME_FK, FIRST_NAME, SECOND_NAME, LAST_NAME, BIRTHDAY, REG_DAY, USER_ADDRESS, PHONE_NUMBER, MED_DOC, PASSWORD) VALUES ('spyderman@example.com', 'Client', 'Іван', 'Іванович', 'Ткаченко', TO_DATE('1990-06-01 10:46:01', 'YYYY-MM-DD HH24:MI:SS'), TO_DATE('2017-10-01 10:52:01', 'YYYY-MM-DD HH24:MI:SS'), 'м. Київ, пров. Ковальський, 5, к. 206', '380000000006', 'media/med_doc/empty', '0000qwerty5');
INSERT INTO "User" (EMAIL, ROLE_NAME_FK, FIRST_NAME, SECOND_NAME, LAST_NAME, BIRTHDAY, REG_DAY, USER_ADDRESS, PHONE_NUMBER, MED_DOC, SPORT_RANK, PASSWORD) VALUES ('turtle@example.com', 'Coach', 'Микола', 'Іванович', 'Олійник', TO_DATE('1991-10-01 10:46:01', 'YYYY-MM-DD HH24:MI:SS'), TO_DATE('2017-10-01 10:53:01', 'YYYY-MM-DD HH24:MI:SS'), 'м. Київ, пров. Ковальський, 5, к. 207', '380000000007', 'media/med_doc/empty', 'Master', '0000qwerty6');
INSERT INTO "User" (EMAIL, ROLE_NAME_FK, FIRST_NAME, SECOND_NAME, LAST_NAME, BIRTHDAY, REG_DAY, USER_ADDRESS, PHONE_NUMBER, MED_DOC, PASSWORD) VALUES ('bear@example.com', 'Client', 'Іван', 'Іванович', 'Іванов', TO_DATE('1993-06-01 10:46:01', 'YYYY-MM-DD HH24:MI:SS'), TO_DATE('2017-10-01 10:54:01', 'YYYY-MM-DD HH24:MI:SS'), 'м. Київ, пров. Ковальський, 5, к. 208', '380000000008', 'media/med_doc/empty', '0000qwerty7');
INSERT INTO "User" (EMAIL, ROLE_NAME_FK, FIRST_NAME, SECOND_NAME, LAST_NAME, BIRTHDAY, REG_DAY, USER_ADDRESS, PHONE_NUMBER, MED_DOC, SPORT_RANK, PASSWORD) VALUES ('cup@example.com', 'Coach', 'Микола', 'Іванович', 'Кравченко', TO_DATE('1995-10-01 10:46:01', 'YYYY-MM-DD HH24:MI:SS'), TO_DATE('2017-10-01 10:55:01', 'YYYY-MM-DD HH24:MI:SS'), 'м. Київ, пров. Ковальський, 5, к. 209', '380000000009', 'media/med_doc/empty', 'Master', '0000qwerty8');
INSERT INTO "User" (EMAIL, ROLE_NAME_FK, FIRST_NAME, SECOND_NAME, LAST_NAME, BIRTHDAY, REG_DAY, USER_ADDRESS, PHONE_NUMBER, MED_DOC, PASSWORD) VALUES ('yellowbox@example.com', 'Client', 'Василь', 'Іванович', 'Бондаренко', TO_DATE('1989-06-01 10:46:01', 'YYYY-MM-DD HH24:MI:SS'), TO_DATE('2017-10-01 10:56:01', 'YYYY-MM-DD HH24:MI:SS'), 'м. Київ, пров. Ковальський, 5, к. 210', '380000000010', 'media/med_doc/empty', '0000qwerty9');
COMMIT;
--INSERT TARIF_PLAN
INSERT INTO TARIFF_PLAN (TARIFF_NAME_FK, USER_ID_FK, PAY_DATE) VALUES ('Basic', 1837647721, TO_DATE('2017-11-01 08:46:01', 'YYYY-MM-DD HH24:MI:SS'));
INSERT INTO TARIFF_PLAN (TARIFF_NAME_FK, USER_ID_FK, PAY_DATE) VALUES ('Medium', 561595845, TO_DATE('2017-11-01 09:46:01', 'YYYY-MM-DD HH24:MI:SS'));
INSERT INTO TARIFF_PLAN (TARIFF_NAME_FK, USER_ID_FK, PAY_DATE) VALUES ('Hard', 1977271934, TO_DATE('2017-11-01 10:46:01', 'YYYY-MM-DD HH24:MI:SS'));
INSERT INTO TARIFF_PLAN (TARIFF_NAME_FK, USER_ID_FK, PAY_DATE) VALUES ('Very hard', 2017854392, TO_DATE('2017-11-01 11:46:01', 'YYYY-MM-DD HH24:MI:SS'));
COMMIT;
--INSERT TEAM
INSERT INTO TEAM (Coach_ID_FK, MEMBER_ID_FK, TEAM_NAME) VALUES (1108688006, 1837647721, 'Sharks');
INSERT INTO TEAM (Coach_ID_FK, MEMBER_ID_FK, TEAM_NAME) VALUES (188114522, 561595845, 'Sea Bears');
INSERT INTO TEAM (Coach_ID_FK, MEMBER_ID_FK, TEAM_NAME) VALUES (551833068, 1977271934, 'Sea lions');
INSERT INTO TEAM (Coach_ID_FK, MEMBER_ID_FK, TEAM_NAME) VALUES (1259314178, 2017854392, 'Sea Cows');
COMMIT;
--INSERT SCHEDULE
INSERT INTO SCHEDULE (LINE_ID_FK, MEMBER_ID_FK, Coach_ID_FK, TEAM_NAME_FK, DAY, TIME) VALUES (1267067617, 1837647721, 1108688006, 'Sharks', TO_DATE('2017-11-30 10:14:02', 'YYYY-MM-DD HH24:MI:SS'), TO_DATE('2017-11-30 10:14:44', 'YYYY-MM-DD HH24:MI:SS'));
INSERT INTO SCHEDULE (LINE_ID_FK, MEMBER_ID_FK, Coach_ID_FK, TEAM_NAME_FK, DAY, TIME) VALUES (1300944187, 561595845, 188114522, 'Sea Bears', TO_DATE('2017-11-30 10:14:22', 'YYYY-MM-DD HH24:MI:SS'), TO_DATE('2017-11-30 10:14:54', 'YYYY-MM-DD HH24:MI:SS'));
INSERT INTO SCHEDULE (LINE_ID_FK, MEMBER_ID_FK, Coach_ID_FK, TEAM_NAME_FK, DAY, TIME) VALUES (165915966, 1977271934, 551833068, 'Sea lions', TO_DATE('2017-11-30 10:14:29', 'YYYY-MM-DD HH24:MI:SS'), TO_DATE('2017-11-30 10:15:00', 'YYYY-MM-DD HH24:MI:SS'));
INSERT INTO SCHEDULE (LINE_ID_FK, MEMBER_ID_FK, Coach_ID_FK, TEAM_NAME_FK, DAY, TIME) VALUES (1811142220, 2017854392, 1259314178, 'Sea Cows', TO_DATE('2017-11-30 10:14:37', 'YYYY-MM-DD HH24:MI:SS'), TO_DATE('2017-11-30 10:15:07', 'YYYY-MM-DD HH24:MI:SS'));
COMMIT;
